Samaypur Badli,Rohini Sector 18/19,2
Rohini Sector 18/19,Haiderpur Badli Mor,3
Haiderpur Badli Mor,Jahangirpuri,2
Jahangirpuri,Adarsh Nagar,2
Adarsh Nagar,Azadpur,2
Azadpur,Model Town,2
Model Town,GTB Nagar,2
GTB Nagar,Vishwa Vidyalaya,2
Vishwa Vidyalaya,Vidhan Sabha,2
Vidhan Sabha,Civil Lines,2
Civil Lines,Kashmere Gate,2
Kashmere Gate,Chandni Chowk,2
Chandni Chowk,Chawri Bazar,2
Chawri Bazar,New Delhi,2
New Delhi,Rajiv Chowk,2
Rajiv Chowk,Patel Chowk,2
Patel Chowk,Central Secretariat,2
Central Secretariat,Udyog Bhawan,2
Udyog Bhawan,Lok Kalyan Marg,2
Lok Kalyan Marg,Jor Bagh,2
Jor Bagh,Dilli Haat-INA,2
Dilli Haat-INA,AIIMS,2
AIIMS,Green Park,2
Green Park,Hauz Khas,3
Hauz Khas,Malviya Nagar,3
Malviya Nagar,Saket,2
Saket,Qutub Minar,3
Qutub Minar,Chhattarpur,3
Chhattarpur,Sultanpur,3
Sultanpur,Ghitorni,2
Ghitorni,Arjan Garh,3
Arjan Garh,Guru Dronacharya,3
Guru Dronacharya,Sikandarpur,2
Sikandarpur,MG Road,2
MG Road,IFFCO Chowk,2
IFFCO Chowk,Millennium City Centre,2
Janakpuri West,Dabri Mor,5
Dabri Mor,Dashrath Puri,5
Dashrath Puri,Palam,2
Palam,Sadar Bazaar Cantonment,4
Sadar Bazaar Cantonment,Terminal 1 IGI Airport,3
Terminal 1 IGI Airport,Shankar Vihar,3
Shankar Vihar,Vasant Vihar,3
Vasant Vihar,Munirka,3
Munirka,R.K Puram,2
R.K Puram,IIT Delhi,2
IIT Delhi,Hauz Khas,2
Hauz Khas,Panchsheel Park,3
Panchsheel Park,Chirag Delhi,2
Chirag Delhi,Greater Kailash,2
Greater Kailash,Nehru Enclave,2
Nehru Enclave,Kalkaji Mandir,2
Kalkaji Mandir,Okhla NSIC,2
Okhla NSIC,Sukhdev Vihar,2
Sukhdev Vihar,Jamia Millia Islamia,2
Jamia Millia Islamia,Okhla Vihar,2
Okhla Vihar,Jasola Vihar Shaheen Bagh,5
Jasola Vihar Shaheen Bagh,Kalindi Kunj,5
Kalindi Kunj,Okhla Bird Sanctuary,2
Okhla Bird Sanctuary,Botanical Garden,3
Azadpur,Shalimar Bagh,3
Shalimar Bagh,Netaji Subhash Place,3
Netaji Subhash Place,Shakurpur,3
Shakurpur,Punjabi Bagh West,3
Punjabi Bagh West,ESI Basaidarapur,3
ESI Basaidarapur,Rajouri Garden,2
Rajouri Garden,Mayapuri,3
Mayapuri,Naraina Vihar,3
Naraina Vihar,Delhi Cantt,3
Delhi Cantt,Durgabai Deshmukh South Campus,5
Durgabai Deshmukh South Campus,Sir Vishweshwaraiah Moti Bagh,3
Sir Vishweshwaraiah Moti Bagh,Bhikaji Cama Place,3
Bhikaji Cama Place,Sarojini Nagar,2
Sarojini Nagar,Dilli Haat-INA,2
South Extension,Lajpat Nagar,2
Lajpat Nagar,Vinobapuri,2
Vinobapuri,Ashram,3
Ashram,Sarai Kale khan Nizamuddin,3
Sarai Kale khan Nizamuddin,Mayur Vihar Phase 1,2
Mayur Vihar Phase 1,Mayur Vihar Pocket 1,2
Mayur Vihar Pocket 1,Trilokpuri-Sanjay Lake,6
Trilokpuri-Sanjay Lake,East Vinod Nagar-Mayur Vihar-II,2
East Vinod Nagar-Mayur Vihar-II,Mandawali-West Vinod Nagar,2
Mandawali-West Vinod Nagar,IP Extension,3
IP Extension,Anand Vihar,4
Anand Vihar,Karkarduma,2
Karkarduma,Karkarduma Court,2
Karkarduma Court,Krishna Nagar,3
Krishna Nagar,East Azad Nagar,2
East Azad Nagar,Welcome,2
Welcome,Jaffrabad,3
Jaffrabad,Maujpur-Babarpur,2
Maujpur-Babarpur,Gokulpuri,2
Gokulpuri,Johri Enclave,3
Johri Enclave,Shiv Vihar,2
Majlis Park,Azadpur,4
Dilli Haat-INA,South Extension,2
Dwarka Sector 21, Dwarka Sector 8,3
Dwarka Sector 8, Dwarka Sector 9,2
Dwarka Sector 9, Dwarka Sector 10,2
Dwarka Sector 10, Dwarka Sector 11,2
Dwarka Sector 11, Dwarka Sector 12,2
Dwarka Sector 12, Dwarka Sector 13,2
Dwarka Sector 13, Dwarka Sector 14,3
Dwarka Sector 14, Dwarka,2
Dwarka, Dwarka Mor,2
Dwarka Mor, Nawada,2
Nawada, Uttam Nagar West,2
Uttam Nagar West, Uttam Nagar East,2
Uttam Nagar East, Janakpuri West,2
Janakpuri West, Janakpuri East,2
Janakpuri East, Tilak Nagar,2
Tilak Nagar, Subhash Nagar,2
Subhash Nagar, Tagore Garden,2
Tagore Garden, Rajouri Garden,2
Rajouri Garden, Ramesh Nagar,2
Ramesh Nagar, Moti Nagar,2
Moti Nagar, Kirti Nagar,2
Kirti Nagar, Shadipur,2
Shadipur, Patel Nagar,2
Patel Nagar, Rajendra Place,2
Rajendra Place, Karol Bagh,2
Karol Bagh, Jhandewalan,2
Jhandewalan, R. K. Ashram Marg,2
R. K. Ashram Marg, Rajiv Chowk,2
Rajiv Chowk, Barakhamba Road,2
Barakhamba Road, Mandi House,2
Mandi House, Supreme Court,2
Supreme Court, Indraprastha,2
Indraprastha, Yamuna Bank,2
Yamuna Bank, Akshardham,3
Akshardham, Mayur Vihar Phase 1,3
Mayur Vihar Phase 1, Mayur Vihar Extension,2
Mayur Vihar Extension, New Ashok Nagar,2
New Ashok Nagar, Noida Sector 15,2
Noida Sector 15, Noida Sector 16,2
Noida Sector 16, Noida Sector 18,2
Noida Sector 18, Botanical Garden,2
Botanical Garden, Golf Course,2
Golf Course, Noida City Centre,2
Noida City Centre, Noida Sector 34,2
Noida Sector 34, Noida Sector 52,2
Noida Sector 52, Noida Sector 61,2
Noida Sector 61, Noida Sector 59,2
Noida Sector 59, Noida Sector 62,2
Noida Sector 62, Noida Electronic City,2
Yamuna Bank, Laxmi Nagar,3
Laxmi Nagar, Nirman Vihar,3
Nirman Vihar, Preet Vihar,3
Preet Vihar, Karkarduma,2
Karkarduma, Anand Vihar,2
Anand Vihar, Kaushambi,2
Kaushambi, Vaishali,2
Rithala, Rohini West,2
Rohini West, Rohini East,2
Rohini East, Pitampura,2
Pitampura, Kohat Enclave,2
Kohat Enclave, Netaji Subhash Place,2
Netaji Subhash Place, Keshav Puram,2
Keshav Puram, Kanhaiya Nagar,2
Kanhaiya Nagar, Inderlok,2
Inderlok, Shastri Nagar,2
Shastri Nagar, Pratap Nagar,2
Pratap Nagar, Pul Bangash,2
Pul Bangash, Tis Hazari,2
Tis Hazari, Kashmere Gate,2
Kashmere Gate, Shastri Park,2
Shastri Park, Seelampur,2
Seelampur, Welcome,2
Welcome, Shahdara,2
Shahdara, Mansarovar Park,2
Mansarovar Park, Jhilmil,2
Jhilmil, Dilshad Garden,2
Dilshad Garden, Shaheed Nagar,2
Shaheed Nagar, Raj Bagh,2
Raj Bagh, Major Mohit Sharma Rajendra Nagar,2
Major Mohit Sharma Rajendra Nagar, Shyam Park,2
Shyam Park, Mohan Nagar,2
Mohan Nagar, Arthala,2
Arthala, Hindon River,2
Hindon River, Shaheed Sthal,2
Inderlok, Ashok Park Main,3
Ashok Park Main, Punjabi Bagh,2
Punjabi Bagh, Punjabi Bagh West,2
Punjabi Bagh West, Shivaji Park,2
Shivaji Park, Madipur,2
Madipur, Paschim Vihar East,2
Paschim Vihar East, Paschim Vihar West,2
Paschim Vihar West, Peeragarhi,2
Peeragarhi, Udyog Nagar,2
Udyog Nagar, Surajmal Stadium,2
Surajmal Stadium, Nangloi,2
Nangloi, Nangloi Railway Station,2
Nangloi Railway Station, Rajdhani Park,2
Rajdhani Park, Mundka,2
Mundka, Mundka Industrial Area,2
Mundka Industrial Area, Ghevra Metro Station,3
Ghevra Metro Station, Tikri Kalan,3
Tikri Kalan, Tikri Border,3
Tikri Border, Pandit Shree Ram Sharma,2
Pandit Shree Ram Sharma, Bahadurgarh City,2
Bahadurgarh City, Brigadier Hoshiar Singh,3
Ashok Park Main, Satguru Ram Singh Marg,3
Satguru Ram Singh Marg, Kirti Nagar,2
